name,empirical_class,sub_bucket,criterion_R,empirical_R,error_type,value,m_0_zeta,m_2_zeta,m_6_zeta
PI,RATIO,PURE_MATH,0,1,FN,3.141592653589793,0.3183098861837907,3.141592653589793,306.0196847852814
M_Pl_reduced,ABSOLUTE,PDG_OBS,0,1,FN,2.435e+18,4.106776180698152e-19,2.435e+18,8.560415166002188e+91
M_Pl_unreduced,ABSOLUTE,PDG_OBS,0,1,FN,1.2209e+19,8.190679007289705e-20,1.2209e+19,2.712691887943239e+95
G_N,ABSOLUTE,PDG_OBS,0,1,FN,6.6743e-11,14982844642.8839,6.6743e-11,1.324428806939696e-51
c_light,ABSOLUTE,PDG_OBS,0,1,FN,299792458.0,3.3356409519815204e-09,299792458.0,2.4216061708512208e+42
hbar_SI,ABSOLUTE,PDG_OBS,0,1,FN,1.054571817e-34,9.482521568277412e+33,1.054571817e-34,1.3043099401210367e-170
h_planck_SI,ABSOLUTE,PDG_OBS,0,1,FN,6.62607015e-34,1.5091901796421518e+33,6.62607015e-34,1.2772624574750927e-166
k_B,ABSOLUTE,PDG_OBS,0,1,FN,8.617333262e-05,11604.518121745585,8.617333262e-05,4.751868838231061e-21
k_B_SI,ABSOLUTE,PDG_OBS,0,1,FN,1.380649e-23,7.24297051603992e+22,1.380649e-23,5.016680160695828e-115
eV_SI,ABSOLUTE,UNIT_CONVERSION,0,1,FN,1.602176634e-19,6.241509074460763e+18,1.602176634e-19,1.0557278264735858e-94
eV_per_GeV,ABSOLUTE,UNIT_CONVERSION,0,1,FN,1000000000.0,1e-09,1000000000.0,1e+45
A_Bohr,ABSOLUTE,PDG_OBS,0,1,FN,5.29177210903e-11,18897261246.2577,5.29177210903e-11,4.149594552005991e-52
arcsec_to_rad,ABSOLUTE,UNIT_CONVERSION,0,1,FN,4.84813681109536e-06,206264.80624709636,4.84813681109536e-06,2.6783932025003628e-27
alpha_em_MZ_inv,RATIO,PDG_OBS,0,1,FN,127.955,0.007815247547966081,127.955,34299382842.8007
sin2_thetaW_MSbar,RATIO,PDG_OBS,0,1,FN,0.23122,4.32488539053715,0.23122,0.0006608866577619296
M_Z,ABSOLUTE,PDG_OBS,0,1,FN,91.1876,0.010966403326768112,91.1876,6304910521.691518
M_W,ABSOLUTE,PDG_OBS,0,1,FN,80.3692,0.012442577504815276,80.3692,3353113288.485272
G_N_cgs,ABSOLUTE,UNIT_CONVERSION,0,1,FN,6.6743e-08,14982844.642883897,6.6743e-08,1.324428806939697e-36
c_light_cgs,ABSOLUTE,UNIT_CONVERSION,0,1,FN,29979245800.0,3.33564095198152e-11,29979245800.0,2.421606170851221e+52
c_light_km_s,ABSOLUTE,UNIT_CONVERSION,0,1,FN,299792.458,3.3356409519815205e-06,299792.458,2.42160617085122e+27
hbar_c_GeV_fm,ABSOLUTE,UNIT_CONVERSION,0,1,FN,0.1973269804,5.067730717679396,0.1973269804,0.00029917985729146796
hbar_c_GeV_m,ABSOLUTE,UNIT_CONVERSION,0,1,FN,1.973269804e-16,5067730717679395.0,1.973269804e-16,2.991798572914681e-79
hbar_c_GeV_cm,ABSOLUTE,UNIT_CONVERSION,0,1,FN,1.973269804e-14,50677307176793.96,1.973269804e-14,2.991798572914679e-69
hbar_eV_s,ABSOLUTE,UNIT_CONVERSION,0,1,FN,6.582119569e-16,1519267447996127.2,6.582119569e-16,1.2354604197270042e-76
hbar_GeV_s,ABSOLUTE,UNIT_CONVERSION,0,1,FN,6.582119569e-25,1.5192674479961274e+24,6.582119569e-25,1.2354604197270033e-121
l_Planck,ABSOLUTE,PDG_OBS,0,1,FN,1.616255e-35,6.18714249917247e+34,1.616255e-35,1.1029337008108957e-174
l_Planck_cm,ABSOLUTE,UNIT_CONVERSION,0,1,FN,1.616255e-33,6.18714249917247e+32,1.616255e-33,1.1029337008108954e-164
t_Planck,ABSOLUTE,PDG_OBS,0,1,FN,5.391247e-44,1.854858439986148e+43,5.391247e-44,4.554557061081989e-217
H_0_km_s_Mpc,ABSOLUTE,PLANCK_OBS,0,1,FN,67.4,0.014836795252225518,67.4,1390911451.3462405
H_0_inv_s,ABSOLUTE,PLANCK_OBS,0,1,FN,2.184e-18,4.5787545787545786e+17,2.184e-18,4.9689333353447435e-89
H_0_GeV,ABSOLUTE,PLANCK_OBS,0,1,FN,1.438e-42,6.954102920723227e+41,1.438e-42,6.148857526387165e-210
T_CMB,ABSOLUTE,PLANCK_OBS,0,1,FN,2.7255,0.36690515501742804,2.7255,150.39414595865784
T_CMB_GeV,ABSOLUTE,PLANCK_OBS,0,1,FN,2.3486541805581e-13,4257757520361.6167,2.3486541805581e-13,7.146532556333202e-64
rho_Lambda_obs,ABSOLUTE,PLANCK_OBS,0,1,FN,2.7e-47,3.703703703703704e+46,2.7e-47,1.4348906999999996e-233
A_s_CMB,RATIO,PLANCK_OBS,0,1,FN,2.1e-09,476190476.1904761,2.1e-09,4.084101000000002e-44
Omega_r,RATIO,PLANCK_OBS,0,1,FN,9.15e-05,10928.96174863388,9.15e-05,6.413653160718751e-21
Omega_m,RATIO,PLANCK_OBS,0,1,FN,0.315,3.1746031746031744,0.315,0.003101364196875
Omega_b,RATIO,PLANCK_OBS,0,1,FN,0.0493,20.28397565922921,0.0493,2.912289848569299e-07
Omega_DM,RATIO,PLANCK_OBS,0,1,FN,0.2657,3.763643206624012,0.2657,0.0013242127711650504
Omega_Lambda,RATIO,PLANCK_OBS,0,1,FN,0.685,1.4598540145985401,0.685,0.15081788892812506
sigma_8,RATIO,PLANCK_OBS,0,1,FN,0.811,1.2330456226880393,0.811,0.3508360971250511
rho_crit_GeV4,ABSOLUTE,PLANCK_OBS,0,1,FN,4.08e-47,2.4509803921568627e+46,4.08e-47,1.1305787424768001e-232
rho_crit_cgs,ABSOLUTE,PLANCK_OBS,0,1,FN,1.878e-29,5.324813631522897e+28,1.878e-29,2.3360274387478373e-144
eta_BBN_obs,RATIO,PLANCK_OBS,0,1,FN,6.12e-10,1633986928.1045754,6.12e-10,8.585332325683197e-47
eta_BBN_err,RATIO,PLANCK_OBS,0,1,FN,4e-12,250000000000.0,4e-12,1.0239999999999998e-57
T_BBN_GeV,ABSOLUTE,PLANCK_OBS,0,1,FN,0.001,1000.0,0.001,1e-15
T_recomb_GeV,ABSOLUTE,PLANCK_OBS,0,1,FN,2.6e-10,3846153846.1538463,2.6e-10,1.1881375999999996e-48
z_BBN,RATIO,PLANCK_OBS,0,1,FN,400000000.0,2.5e-09,400000000.0,1.024e+43
t_universe_s,ABSOLUTE,PLANCK_OBS,0,1,FN,4.35e+17,2.2988505747126435e-18,4.35e+17,1.5575653771875e+88
sigma_FIRAS,RATIO,PLANCK_OBS,0,1,FN,1e-06,1000000.0,1e-06,9.999999999999997e-31
FIRAS_dT_bound,RATIO,PLANCK_OBS,0,1,FN,3e-06,333333.3333333333,3e-06,2.4300000000000003e-28
GeV_to_inv_s,ABSOLUTE,UNIT_CONVERSION,0,1,FN,1.5193e+24,6.5819785427499505e-25,1.5193e+24,8.095015584576352e+120
GeV_to_inv_m,ABSOLUTE,UNIT_CONVERSION,0,1,FN,5067730717679395.0,1.9732698040000003e-16,5067730717679395.0,3.3424710107598457e+78
GeV_inv_to_Mpc,ABSOLUTE,UNIT_CONVERSION,0,1,FN,6.394885452247464e-39,1.563749667554331e+38,6.394885452247464e-39,1.0694582822225461e-191
Mpc_to_GeV_inv,ABSOLUTE,UNIT_CONVERSION,0,1,FN,1.563749667554331e+38,6.394885452247464e-39,1.563749667554331e+38,9.350528362095637e+190
GeV_to_kg,ABSOLUTE,UNIT_CONVERSION,0,1,FN,1.78266192e-27,5.609588608927036e+26,1.78266192e-27,1.8003002318364251e-134
GeV_to_g,ABSOLUTE,UNIT_CONVERSION,0,1,FN,1.78266192e-24,5.609588608927037e+23,1.78266192e-24,1.8003002318364243e-119
Mpc_to_fm,ABSOLUTE,UNIT_CONVERSION,0,1,FN,3.0857e+38,3.240755744239557e-39,3.0857e+38,2.797489740971598e+192
Mpc_to_m,ABSOLUTE,UNIT_CONVERSION,0,1,FN,3.0857e+22,3.2407557442395566e-23,3.0857e+22,2.7974897409715978e+112
Mpc_to_cm,ABSOLUTE,UNIT_CONVERSION,0,1,FN,3.0857e+24,3.240755744239557e-25,3.0857e+24,2.7974897409715977e+122
Gpc_to_m,ABSOLUTE,UNIT_CONVERSION,0,1,FN,3.0857e+25,3.240755744239557e-26,3.0857e+25,2.797489740971598e+127
kpc_to_cm,ABSOLUTE,UNIT_CONVERSION,0,1,FN,3.0857e+21,3.2407557442395567e-22,3.0857e+21,2.7974897409715975e+107
tau_fold,RATIO,DK_RATIO,0,1,FN,0.19,5.2631578947368425,0.19,0.0002476099
phi_paasch,RATIO,DK_RATIO,0,1,FN,1.53158,0.6529205134566918,1.53158,8.42749362336731
T_GGE_B2,ABSOLUTE,FRAMEWORK_ABS,0,1,FN,0.668,1.497005988023952,0.668,0.13300939326156805
Vol_SU3_Haar,RATIO,PURE_MATH,0,1,FN,1349.7399583199533,0.0007408834522797405,1349.7399583199533,4479716450598671.5
Vol_SU3_WRONG,RATIO,PURE_MATH,0,1,FN,8880.932955307186,0.00011260078248900717,8880.932955307186,5.524499737877261e+19
g0_diag,RATIO,PURE_MATH,0,1,FN,3.0,0.3333333333333333,3.0,243.0
M_KK_gravity,ABSOLUTE,FRAMEWORK_ABS,0,1,FN,7.428660036284456e+16,1.3461377894742958e-17,7.428660036284456e+16,2.262311583482935e+84
M_KK_kerner,ABSOLUTE,FRAMEWORK_ABS,0,1,FN,5.041679838376001e+17,1.983465892435793e-18,5.041679838376001e+17,3.257439183303799e+88
M_KK,ABSOLUTE,FRAMEWORK_ABS,0,1,FN,7.428660036284456e+16,1.3461377894742958e-17,7.428660036284456e+16,2.262311583482935e+84
E_cond_ED_8mode,RATIO,DK_RATIO,0,1,FN,-0.13685055970476342,7.307240848392325,0.13685055970476342,4.7999077406074964e-05
E_cond_ED_5mode,RATIO,DK_RATIO,0,1,FN,-0.11507660716341951,8.689863427932897,0.11507660716341951,2.0180654393229227e-05
E_cond_GL,RATIO,DK_RATIO,0,1,FN,-0.156,6.410256410256411,0.156,9.2389579776e-05
E_cond,RATIO,DK_RATIO,0,1,FN,-0.13685055970476342,7.307240848392325,0.13685055970476342,4.7999077406074964e-05
E_exc_ratio,RATIO,DK_RATIO,0,1,FN,443.0,0.002257336343115124,443.0,17061555810443.0
E_exc,RATIO,DK_RATIO,0,1,FN,60.6247979492102,0.016494900334971387,60.6247979492102,818938938.0135217
n_pairs,RATIO,DK_RATIO,0,1,FN,59.8,0.016722408026755852,59.8,764726112.4796798
N_dof_BCS,RATIO,PURE_MATH,0,1,FN,8.0,0.125,8.0,32768.0
T_compound,RATIO,DK_RATIO,0,1,FN,7.578099743651275,0.1319592026797711,7.578099743651275,24992.03302043218
Delta_0_GL,RATIO,DK_RATIO,0,1,FN,0.7704350982797368,1.297967865473479,0.7704350982797368,0.27144403183679716
Delta_0_OES,RATIO,DK_RATIO,0,1,FN,0.4642547394830737,2.153989857192312,0.4642547394830737,0.021566602325840716
Delta_BCS,RATIO,DK_RATIO,0,1,FN,0.4642547394830737,2.153989857192312,0.4642547394830737,0.021566602325840716
Delta_B3,RATIO,DK_RATIO,0,1,FN,0.176,5.6818181818181825,0.176,0.00016887421337599996
M_max_thouless,RATIO,DK_RATIO,0,1,FN,1.674,0.5973715651135006,1.674,13.145504806014621
S_inst,RATIO,DK_RATIO,0,1,FN,0.06860372346994315,14.576468293854674,0.06860372346994315,1.5196320288768584e-06
xi_BCS,RATIO,DK_RATIO,0,1,FN,0.8083468753837275,1.2370926769838673,0.8083468753837275,0.3451348541141348
xi_GL,RATIO,DK_RATIO,0,1,FN,0.9763208529368065,1.0242534480257857,0.9763208529368065,0.8870800797772198
xi_BCS_over_BW,RATIO,DK_RATIO,0,1,FN,13.952285853679658,0.07167284346717054,13.952285853679658,528721.3252216185
a_GL,RATIO,DK_RATIO,0,1,FN,-0.5245475628963554,1.9064048157585065,0.5245475628963554,0.03971223848954644
b_GL,RATIO,DK_RATIO,0,1,FN,0.4418580371481792,2.263170330575305,0.4418580371481792,0.016842780733845403
barrier_0d,RATIO,DK_RATIO,0,1,FN,0.004670337347200381,214.1172951027717,0.004670337347200381,2.2219856916969818e-12
barrier_1d,RATIO,DK_RATIO,0,1,FN,0.15567791157334604,6.423518853083151,0.15567791157334604,9.143974039905274e-05
omega_PV,RATIO,DK_RATIO,0,1,FN,0.791658919261384,1.2631702563687375,0.791658919261384,0.31094998890050146
omega_split,RATIO,DK_RATIO,0,1,FN,1.3371826606372719,0.7478409864538791,1.3371826606372719,4.275172886291415
ratio_Evac_Econd,RATIO,DK_RATIO,0,1,FN,28.75624796597024,0.03477505136217307,28.75624796597024,19663512.53848714
Gamma_Langer_BCS,RATIO,DK_RATIO,0,1,FN,0.24973624676840844,4.004224508616663,0.24973624676840844,0.000971421927885024
Kapitza_ratio,RATIO,DK_RATIO,0,1,FN,0.030200115133742347,33.11245654433642,0.030200115133742347,2.5121351094969817e-08
a0_fold,RATIO,SLOT_DEPENDENT_RATIO,0,1,FN,6440.0,0.00015527950310559007,6440.0,1.10771831604224e+19
a2_fold,RATIO,SLOT_DEPENDENT_RATIO,0,1,FN,2776.1653888633655,0.00036020908696993235,2776.1653888633655,1.6490228641829146e+17
a4_fold,RATIO,SLOT_DEPENDENT_RATIO,0,1,FN,1350.7216415169728,0.0007403449898655039,1350.7216415169728,4496030941203589.5
R_protected_fold,RATIO,DK_RATIO,0,1,FN,1.1286545967627695,0.8860106562877791,1.1286545967627695,1.8314930438772656
Lizzi_signature,RATIO,DK_RATIO,0,1,FN,1.1286545967627695,0.8860106562877791,1.1286545967627695,1.8314930438772656
S_fold,RATIO,DK_RATIO,0,1,FN,250360.67696101,3.994237482253394e-06,250360.67696101,9.836273274704166e+26
m_tau,RATIO,DK_RATIO,0,1,FN,2.062,0.4849660523763337,2.062,37.277201799492815
omega_att,RATIO,DK_RATIO,0,1,FN,1.43,0.6993006993006994,1.43,5.979710894299998
omega_tau,RATIO,DK_RATIO,0,1,FN,8.27,0.12091898428053205,8.27,38683.65913129069
M_ATDHFB,RATIO,DK_RATIO,0,1,FN,1.695,0.5899705014749262,1.695,13.990992142809377
Z_fold,RATIO,DK_RATIO,0,1,FN,74730.76411846,1.3381369932399498e-05,74730.76411846,2.3307576299328942e+24
G_DeWitt,RATIO,PURE_MATH,0,1,FN,5.0,0.2,5.0,3125.0
dS_fold,RATIO,DK_RATIO,0,1,FN,58672.80241318,1.704367200594742e-05,58672.80241318,6.953191018071292e+23
d2S_fold,RATIO,DK_RATIO,0,1,FN,317862.84898132,3.146010939009634e-06,317862.84898132,3.244881624856383e+27
c_fabric,RATIO,DK_RATIO,0,1,FN,209.97368021,0.0047625016573499815,209.97368021,408154229191.86035
H_fold,RATIO,DK_RATIO,0,1,FN,586.5267713108464,0.0017049520139806574,586.5267713108464,69412741707354.52
v_terminal,RATIO,DK_RATIO,0,1,FN,26.544972625732246,0.03767191679190571,26.544972625732246,13179878.57238259
dt_transit,RATIO,DK_RATIO,0,1,FN,0.0011301575037571713,884.8324208577416,0.0011301575037571713,1.8437195658933278e-15
P_exc_kz,RATIO,PURE_MATH,0,1,FN,1.0,1.0,1.0,1.0
n_Bog,RATIO,DK_RATIO,0,1,FN,0.9986332220990328,1.0013686485395452,0.9986332220990328,0.9931847657983841
g_SU2_fold,RATIO,DK_RATIO,0,1,FN,2.0515842276370675,0.48742819647807484,2.0515842276370675,36.34517447110031
g_U1_fold,RATIO,DK_RATIO,0,1,FN,4.386853768302675,0.2279538030707852,4.386853768302675,1624.6723494738653
alpha2_MKK_inv,RATIO,DK_RATIO,0,1,FN,47.85603973035754,0.020896004049529588,47.85603973035754,251005814.07375523
sin2_thetaW_fold,RATIO,DK_RATIO,0,1,FN,0.58385339192799,1.7127587401656061,0.58385339192799,0.06784518609488976
mellin_f_star_f0,RATIO,SLOT_DEPENDENT_RATIO,0,1,FN,0.08832,11.322463768115943,0.08832,5.373970795099009e-06
mellin_f_star_f2,RATIO,SLOT_DEPENDENT_RATIO,0,1,FN,214.97335676,0.004651739243744598,214.97335676,459116805116.41907
mellin_f_star_f4,RATIO,SLOT_DEPENDENT_RATIO,0,1,FN,6446.63942272,0.00015511958005215605,6446.63942272,1.1134402030819287e+19
rho_Lambda_spectral,ABSOLUTE,FRAMEWORK_ABS,0,1,FN,8.431739307278988e+73,1.1859949217556048e-74,8.431739307278988e+73,inf
clock_coeff,RATIO,DK_RATIO,0,1,FN,-3.08,0.3246753246753247,3.08,277.1746976768
N_cells,RATIO,PURE_MATH,0,1,FN,32.0,0.03125,32.0,33554432.0
L_over_xi,RATIO,DK_RATIO,0,1,FN,0.031,32.25806451612903,0.031,2.8629151e-08
J_C2,RATIO,DK_RATIO,0,1,FN,0.933,1.0718113612004287,0.933,0.7069817754798932
J_su2,RATIO,DK_RATIO,0,1,FN,0.059,16.949152542372882,0.059,7.149242989999998e-07
J_u1,RATIO,DK_RATIO,0,1,FN,0.038,26.315789473684212,0.038,7.9235168e-08
T_acoustic,RATIO,DK_RATIO,0,1,FN,0.112,8.928571428571429,0.112,1.7623416832e-05
rho_B2_per_mode,RATIO,DK_RATIO,0,1,FN,14.023250234055,0.0713101444607708,14.023250234055,542304.76294557
E_B1,RATIO,DK_RATIO,0,1,FN,0.8191400026759529,1.22079253452794,0.8191400026759529,0.3687997992990748
E_B2_mean,RATIO,DK_RATIO,0,1,FN,0.845269087679269,1.183055212329547,0.845269087679269,0.431494171188527
E_B3_mean,RATIO,DK_RATIO,0,1,FN,0.9782238787713764,1.0222608767800412,0.9782238787713764,0.8957592455950956
c_Gold,RATIO,DK_RATIO,0,1,FN,0.915,1.0928961748633879,0.915,0.6413653160718751
c_Gold_over_c_fabric,RATIO,DK_RATIO,0,1,FN,0.00436,229.3577981651376,0.00436,1.5755509298176003e-12
omega_L1,RATIO,DK_RATIO,0,1,FN,0.138,7.246376811594202,0.138,5.004900316800002e-05
omega_L2,RATIO,DK_RATIO,0,1,FN,0.192,5.208333333333333,0.192,0.000260919263232
omega_H1,RATIO,DK_RATIO,0,1,FN,0.38,2.6315789473684212,0.38,0.0079235168
omega_H2,RATIO,DK_RATIO,0,1,FN,1.41,0.7092198581560284,1.41,5.573083670099998
omega_H3,RATIO,DK_RATIO,0,1,FN,11.465,0.08722197993894462,11.465,198093.5319152959
alpha_QM,RATIO,DK_RATIO,0,1,FN,-0.579,1.7271157167530227,0.579,0.06507179975889897
N_e_classical,RATIO,DK_RATIO,0,1,FN,0.1734,5.767012687427912,0.1734,0.00015676368569891424
J_12_over_J_23,RATIO,DK_RATIO,0,1,FN,19.52,0.05122950819672131,19.52,2833994.914935603
gamma_RP,RATIO,DK_RATIO,0,1,FN,0.0398,25.125628140703515,0.0398,9.986547231968002e-08
t_deph_over_t_transit,RATIO,DK_RATIO,0,1,FN,139729.0,7.156710489590565e-06,139729.0,5.326387452392189e+25
F_BCS_over_V_KK,RATIO,DK_RATIO,0,1,FN,0.0071,140.8450704225352,0.0071,1.8042293510000005e-11
IBO_ratio,RATIO,DK_RATIO,0,1,FN,1118.0,0.0008944543828264759,1118.0,1746662586457568.0
S2_HFB,RATIO,DK_RATIO,0,1,FN,-0.131,7.633587786259541,0.131,3.857948965100001e-05
a_scatter,RATIO,DK_RATIO,0,1,FN,-0.00158,632.9113924050632,0.00158,9.8465804768e-15
M_Bog_max,RATIO,DK_RATIO,0,1,FN,0.02273,43.994720633523976,0.02273,6.06732387965226e-09
AUDIT_SESSION_FLOOR,RATIO,PROVENANCE_META,0,1,FN,34.0,0.029411764705882353,34.0,45435424.0
v_ew,ABSOLUTE,PDG_OBS,0,1,FN,246.0,0.0040650406504065045,246.0,900897818976.0
m_H_obs,ABSOLUTE,PDG_OBS,0,1,FN,125.1,0.007993605115907274,125.1,30639843906.312504
m_t_pole,ABSOLUTE,PDG_OBS,0,1,FN,172.69,0.005790723261335341,172.69,153580454157.3242
m_b_pole,ABSOLUTE,PDG_OBS,0,1,FN,4.78,0.20920502092050208,4.78,2495.3960486368005
m_b_1S,ABSOLUTE,PDG_OBS,0,1,FN,4.18,0.23923444976076558,4.18,1276.0903041567997
m_mu,ABSOLUTE,PDG_OBS,0,1,FN,0.1056583745,9.464465119137339,0.1056583745,1.3167994152766278e-05
alpha_s_MZ_obs,RATIO,PDG_OBS,0,1,FN,0.118,8.474576271186441,0.118,2.2877577567999992e-05
g_star_SM,RATIO,PDG_OBS,0,1,FN,106.75,0.00936768149882904,106.75,13862431670.807617
g_star_BBN,RATIO,PDG_OBS,0,1,FN,10.75,0.09302325581395349,10.75,143562.9326171875
N_eff_SM,RATIO,PDG_OBS,0,1,FN,3.044,0.328515111695138,3.044,261.3504429463562
b1_SM,RATIO,PURE_MATH,0,1,FN,4.1,0.24390243902439027,4.1,1158.5620099999994
b2_SM,RATIO,PURE_MATH,0,1,FN,-3.1666666666666665,0.31578947368421056,3.1666666666666665,318.4283693415637
b3_SM,RATIO,PURE_MATH,0,1,FN,-7.0,0.14285714285714285,7.0,16807.0
w0_FW,RATIO,DK_RATIO,0,1,FN,-0.918,1.0893246187363834,0.918,0.6519486734815682
w0_LCDM,RATIO,PURE_MATH,0,1,FN,-1.0,1.0,1.0,1.0
planck_ns,RATIO,PLANCK_OBS,0,1,FN,0.9649,1.0363768266141569,0.9649,0.8363952004567131
planck_ns_err,RATIO,PLANCK_OBS,0,1,FN,0.0042,238.0952380952381,0.0042,1.3069123199999996e-12
planck_alpha_s,RATIO,PLANCK_OBS,0,1,FN,-0.0045,222.22222222222223,0.0045,1.8452812499999995e-12
planck_alpha_s_err,RATIO,PLANCK_OBS,0,1,FN,0.0067,149.2537313432836,0.0067,1.3501251070000003e-11
Q_Leggett,RATIO,DK_RATIO,0,1,FN,670000.0,1.4925373134328358e-06,670000.0,1.350125107e+29
f_0_sharp,RATIO,SLOT_DEPENDENT_RATIO,0,1,FN,1.0,1.0,1.0,1.0
f_2_default,RATIO,SLOT_DEPENDENT_RATIO,0,1,FN,2.34,0.4273504273504274,2.34,70.15833714239997
f_4_default,RATIO,SLOT_DEPENDENT_RATIO,0,1,FN,0.558,1.7921146953405016,0.558,0.05409672759676803
