obs_id,platform,lambda_direction,SI_value,SI_unit,sigma_detect,detection_ratio,level_assignment,branch_1_condition,branch_2_condition,branch_3_condition,branch_4_condition,experiment_family_pinned,decision_horizon_year,provisional,lit_arxiv_id,lit_sha,phenomenology_note
SW1,3He-A,lambda_6,58.95886375694797,MHz,0.001,58958.86375694797,LAB-FALSIFIER-A,"s_obs/sigma_detect >= 29479.4 (== max(3, 0.5*detection_ratio=29479.4)); verdict_on_trigger = PASS-AT-LAB; register_to = permanent_lab_falsifier_confirmation_register",1 <= s_obs/sigma_detect < 3; verdict_on_trigger = REGISTERED-NO-CLOSE; register_to = second_generation_experiment_queue,s_obs/sigma_detect < 1 AND detection_ratio (=58958.9) >= 3; verdict_on_trigger = FAIL-AT-LAB; register_to = permanent_FAIL_corridor_register,s_obs/sigma_detect < 1 AND detection_ratio (=58958.9) < 3; verdict_on_trigger = UNINFORMATIVE-NULL; register_to = LAB-FALSIFIER-D_pending_detector_RD,Aalto/Helsinki ROTA NMR (arXiv:1005.0546),2031,True,1005.0546,ecc168738d744136,the substrate's delta_omega_K/omega_K ratio measured at the 3He-A compactification scale (sweet-spot lambda_6 direction)
SW2,FeSe,lambda_7,364.51772302909643,ppm,5.0,72.90354460581929,LAB-FALSIFIER-A,"s_obs/sigma_detect >= 36.4518 (== max(3, 0.5*detection_ratio=36.4518)); verdict_on_trigger = PASS-AT-LAB; register_to = permanent_lab_falsifier_confirmation_register",1 <= s_obs/sigma_detect < 3; verdict_on_trigger = REGISTERED-NO-CLOSE; register_to = second_generation_experiment_queue,s_obs/sigma_detect < 1 AND detection_ratio (=72.9035) >= 3; verdict_on_trigger = FAIL-AT-LAB; register_to = permanent_FAIL_corridor_register,s_obs/sigma_detect < 1 AND detection_ratio (=72.9035) < 3; verdict_on_trigger = UNINFORMATIVE-NULL; register_to = LAB-FALSIFIER-D_pending_detector_RD,Florence/Grenoble 77Se NMR (arXiv:2010.01020),2031,False,2010.01020,28371024791ddafe,the substrate's K_anis/K_0 ratio measured at the FeSe-NMR compactification scale (sweet-spot lambda_7 direction)
SW3,173Yb,lambda_8,1.4249999999999998,s^-1,0.05,28.499999999999996,LAB-FALSIFIER-A,"s_obs/sigma_detect >= 14.25 (== max(3, 0.5*detection_ratio=14.25)); verdict_on_trigger = PASS-AT-LAB; register_to = permanent_lab_falsifier_confirmation_register",1 <= s_obs/sigma_detect < 3; verdict_on_trigger = REGISTERED-NO-CLOSE; register_to = second_generation_experiment_queue,s_obs/sigma_detect < 1 AND detection_ratio (=28.5) >= 3; verdict_on_trigger = FAIL-AT-LAB; register_to = permanent_FAIL_corridor_register,s_obs/sigma_detect < 1 AND detection_ratio (=28.5) < 3; verdict_on_trigger = UNINFORMATIVE-NULL; register_to = LAB-FALSIFIER-D_pending_detector_RD,Florence/JILA/Munich SU(N) optical lattice (arXiv:0905.4948),2031,True,0905.4948,4cd097a278b4adbd,the substrate's Gamma_3B(unique)/Gamma_3B(inherited) ratio measured at the 173Yb optical-lattice compactification scale (sweet-spot lambda_8 direction)
XA1,3He-A,lambda_6,58.95886375694797,MHz,0.001,58958.86375694797,LAB-FALSIFIER-A,"s_obs/sigma_detect >= 29479.4 (== max(3, 0.5*detection_ratio=29479.4)); verdict_on_trigger = PASS-AT-LAB; register_to = permanent_lab_falsifier_confirmation_register",1 <= s_obs/sigma_detect < 3; verdict_on_trigger = REGISTERED-NO-CLOSE; register_to = second_generation_experiment_queue,s_obs/sigma_detect < 1 AND detection_ratio (=58958.9) >= 3; verdict_on_trigger = FAIL-AT-LAB; register_to = permanent_FAIL_corridor_register,s_obs/sigma_detect < 1 AND detection_ratio (=58958.9) < 3; verdict_on_trigger = UNINFORMATIVE-NULL; register_to = LAB-FALSIFIER-D_pending_detector_RD,Aalto/Helsinki ROTA NMR (arXiv:1005.0546),2031,True,1005.0546,ecc168738d744136,the substrate's delta_omega_K/omega_K ratio measured at the 3He-A compactification scale under cross-platform lambda_6 projection
XA2,FeSe,lambda_6,153.48114653856692,ppm,5.0,30.696229307713384,LAB-FALSIFIER-A,"s_obs/sigma_detect >= 15.3481 (== max(3, 0.5*detection_ratio=15.3481)); verdict_on_trigger = PASS-AT-LAB; register_to = permanent_lab_falsifier_confirmation_register",1 <= s_obs/sigma_detect < 3; verdict_on_trigger = REGISTERED-NO-CLOSE; register_to = second_generation_experiment_queue,s_obs/sigma_detect < 1 AND detection_ratio (=30.6962) >= 3; verdict_on_trigger = FAIL-AT-LAB; register_to = permanent_FAIL_corridor_register,s_obs/sigma_detect < 1 AND detection_ratio (=30.6962) < 3; verdict_on_trigger = UNINFORMATIVE-NULL; register_to = LAB-FALSIFIER-D_pending_detector_RD,Florence/Grenoble 77Se NMR (arXiv:2010.01020),2031,False,2010.01020,28371024791ddafe,the substrate's K_anis/K_0 ratio measured at the FeSe-NMR compactification scale under cross-platform lambda_6 projection
XA3,173Yb,lambda_6,2.746917390619639,s^-1,0.05,54.93834781239278,LAB-FALSIFIER-A,"s_obs/sigma_detect >= 27.4692 (== max(3, 0.5*detection_ratio=27.4692)); verdict_on_trigger = PASS-AT-LAB; register_to = permanent_lab_falsifier_confirmation_register",1 <= s_obs/sigma_detect < 3; verdict_on_trigger = REGISTERED-NO-CLOSE; register_to = second_generation_experiment_queue,s_obs/sigma_detect < 1 AND detection_ratio (=54.9383) >= 3; verdict_on_trigger = FAIL-AT-LAB; register_to = permanent_FAIL_corridor_register,s_obs/sigma_detect < 1 AND detection_ratio (=54.9383) < 3; verdict_on_trigger = UNINFORMATIVE-NULL; register_to = LAB-FALSIFIER-D_pending_detector_RD,Florence/JILA/Munich SU(N) optical lattice (arXiv:0905.4948),2031,True,0905.4948,4cd097a278b4adbd,the substrate's Gamma_3B(unique)/Gamma_3B(inherited) ratio measured at the 173Yb compactification scale under cross-platform lambda_6 projection
XB1,3He-A,lambda_7,19.65295458564932,MHz,0.001,19652.954585649317,LAB-FALSIFIER-A,"s_obs/sigma_detect >= 9826.48 (== max(3, 0.5*detection_ratio=9826.48)); verdict_on_trigger = PASS-AT-LAB; register_to = permanent_lab_falsifier_confirmation_register",1 <= s_obs/sigma_detect < 3; verdict_on_trigger = REGISTERED-NO-CLOSE; register_to = second_generation_experiment_queue,s_obs/sigma_detect < 1 AND detection_ratio (=19653) >= 3; verdict_on_trigger = FAIL-AT-LAB; register_to = permanent_FAIL_corridor_register,s_obs/sigma_detect < 1 AND detection_ratio (=19653) < 3; verdict_on_trigger = UNINFORMATIVE-NULL; register_to = LAB-FALSIFIER-D_pending_detector_RD,Aalto/Helsinki ROTA NMR (arXiv:1005.0546),2031,True,1005.0546,ecc168738d744136,the substrate's delta_omega_K/omega_K ratio measured at the 3He-A compactification scale under cross-platform lambda_7 projection
XB2,FeSe,lambda_7,364.51772302909643,ppm,5.0,72.90354460581929,LAB-FALSIFIER-A,"s_obs/sigma_detect >= 36.4518 (== max(3, 0.5*detection_ratio=36.4518)); verdict_on_trigger = PASS-AT-LAB; register_to = permanent_lab_falsifier_confirmation_register",1 <= s_obs/sigma_detect < 3; verdict_on_trigger = REGISTERED-NO-CLOSE; register_to = second_generation_experiment_queue,s_obs/sigma_detect < 1 AND detection_ratio (=72.9035) >= 3; verdict_on_trigger = FAIL-AT-LAB; register_to = permanent_FAIL_corridor_register,s_obs/sigma_detect < 1 AND detection_ratio (=72.9035) < 3; verdict_on_trigger = UNINFORMATIVE-NULL; register_to = LAB-FALSIFIER-D_pending_detector_RD,Florence/Grenoble 77Se NMR (arXiv:2010.01020),2031,False,2010.01020,28371024791ddafe,the substrate's K_anis/K_0 ratio measured at the FeSe-NMR compactification scale under cross-platform lambda_7 projection
XB3,173Yb,lambda_7,6.592601737487134,s^-1,0.05,131.85203474974267,LAB-FALSIFIER-A,"s_obs/sigma_detect >= 65.926 (== max(3, 0.5*detection_ratio=65.926)); verdict_on_trigger = PASS-AT-LAB; register_to = permanent_lab_falsifier_confirmation_register",1 <= s_obs/sigma_detect < 3; verdict_on_trigger = REGISTERED-NO-CLOSE; register_to = second_generation_experiment_queue,s_obs/sigma_detect < 1 AND detection_ratio (=131.852) >= 3; verdict_on_trigger = FAIL-AT-LAB; register_to = permanent_FAIL_corridor_register,s_obs/sigma_detect < 1 AND detection_ratio (=131.852) < 3; verdict_on_trigger = UNINFORMATIVE-NULL; register_to = LAB-FALSIFIER-D_pending_detector_RD,Florence/JILA/Munich SU(N) optical lattice (arXiv:0905.4948),2031,True,0905.4948,4cd097a278b4adbd,the substrate's Gamma_3B(unique)/Gamma_3B(inherited) ratio measured at the 173Yb compactification scale under cross-platform lambda_7 projection
