obs_id,platform,lambda,W8_4_ratio,prefactor,prefactor_unit,SI_value,SI_unit,sigma_detect,detection_ratio,lit_sha,lit_arxiv_id,provisional,phenomenology_note
SW1,3He-A,lambda_6,1.726662898558878,34.146134608067804,MHz,58.95886375694797,MHz,0.001,58958.86375694797,ecc168738d744136,1005.0546,True,the substrate's delta_omega_K/omega_K ratio measured at the 3He-A compactification scale (sweet-spot lambda_6 direction)
SW2,FeSe,lambda_7,1.8225886151454822,200.0,ppm,364.51772302909643,ppm,5.0,72.90354460581929,28371024791ddafe,2010.01020,False,the substrate's K_anis/K_0 ratio measured at the FeSe-NMR compactification scale (sweet-spot lambda_7 direction)
SW3,173Yb,lambda_8,2.85,0.49999999999999994,1/s,1.4249999999999998,s^-1,0.05,28.499999999999996,4cd097a278b4adbd,0905.4948,True,the substrate's Gamma_3B(unique)/Gamma_3B(inherited) ratio measured at the 173Yb optical-lattice compactification scale (sweet-spot lambda_8 direction)
XA1,3He-A,lambda_6,1.726662898558878,34.146134608067804,MHz,58.95886375694797,MHz,0.001,58958.86375694797,ecc168738d744136,1005.0546,True,the substrate's delta_omega_K/omega_K ratio measured at the 3He-A compactification scale under cross-platform lambda_6 projection
XA2,FeSe,lambda_6,0.7674057326928346,200.0,ppm,153.48114653856692,ppm,5.0,30.696229307713384,28371024791ddafe,2010.01020,False,the substrate's K_anis/K_0 ratio measured at the FeSe-NMR compactification scale under cross-platform lambda_6 projection
XA3,173Yb,lambda_6,5.493834781239279,0.49999999999999994,1/s,2.746917390619639,s^-1,0.05,54.93834781239278,4cd097a278b4adbd,0905.4948,True,the substrate's Gamma_3B(unique)/Gamma_3B(inherited) ratio measured at the 173Yb compactification scale under cross-platform lambda_6 projection
XB1,3He-A,lambda_7,0.5755542995196259,34.146134608067804,MHz,19.65295458564932,MHz,0.001,19652.954585649317,ecc168738d744136,1005.0546,True,the substrate's delta_omega_K/omega_K ratio measured at the 3He-A compactification scale under cross-platform lambda_7 projection
XB2,FeSe,lambda_7,1.8225886151454822,200.0,ppm,364.51772302909643,ppm,5.0,72.90354460581929,28371024791ddafe,2010.01020,False,the substrate's K_anis/K_0 ratio measured at the FeSe-NMR compactification scale under cross-platform lambda_7 projection
XB3,173Yb,lambda_7,13.18520347497427,0.49999999999999994,1/s,6.592601737487134,s^-1,0.05,131.85203474974267,4cd097a278b4adbd,0905.4948,True,the substrate's Gamma_3B(unique)/Gamma_3B(inherited) ratio measured at the 173Yb compactification scale under cross-platform lambda_7 projection
